Date,Mid
3 10 2022,107.864
30 09 2022,107.962
29 09 2022,108.069
28 09 2022,108.101
27 09 2022,108.153
26 09 2022,108.75
23 09 2022,108.762
22 09 2022,108.916
21 09 2022,109.059
20 09 2022,109.378
19 09 2022,109.65
16 09 2022,109.27
15 09 2022,109.849
14 09 2022,109.743
13 09 2022,110.173
12 09 2022,110.638
9 09 2022,110.604
8 09 2022,110.703
7 09 2022,110.351
6 09 2022,109.803
5 09 2022,109.613
2 09 2022,109.183
1 09 2022,108.73
31 08 2022,108.579
30 08 2022,108.84
29 08 2022,108.837
26 08 2022,108.88
25 08 2022,108.834
24 08 2022,108.992
23 08 2022,109.126
22 08 2022,108.999
19 08 2022,108.499
18 08 2022,108.372
17 08 2022,108.477
16 08 2022,108.866
15 08 2022,108.329
12 08 2022,107.972
11 08 2022,107.002
10 08 2022,106.684
9 08 2022,106.757
8 08 2022,106.509
5 08 2022,106.199
4 08 2022,105.873
3 08 2022,105.249
2 08 2022,105.071
1 08 2022,105.386
29 07 2022,105.702
28 07 2022,105.861
27 07 2022,106.038
26 07 2022,105.368
25 07 2022,104.909
22 07 2022,104.743
21 07 2022,104.588
20 07 2022,104.563
19 07 2022,105.208
18 07 2022,105.319
15 07 2022,105.52
14 07 2022,105.029
13 07 2022,104.969
12 07 2022,104.926
11 07 2022,104.638
8 07 2022,104.229
7 07 2022,104.078
6 07 2022,103.612
5 07 2022,103.745
4 07 2022,103.727
1 07 2022,103.496
30 06 2022,103.538
29 06 2022,103.899
28 06 2022,103.684
27 06 2022,103.75
24 06 2022,103.799
23 06 2022,103.878
22 06 2022,103.753
21 06 2022,104.255
20 06 2022,103.885
17 06 2022,103.794
16 06 2022,103.036
15 06 2022,102.708
14 06 2022,103.126
13 06 2022,103.259
10 06 2022,103.259
9 06 2022,103.183
8 06 2022,103.568
7 06 2022,103.778
6 06 2022,103.423
3 06 2022,103.625
2 06 2022,103.545
1 06 2022,103.639
31 05 2022,103.32
30 05 2022,103.281
27 05 2022,103.092
26 05 2022,103.463
25 05 2022,103.675
24 05 2022,104.033
23 05 2022,103.996
20 05 2022,104.245
19 05 2022,104.225
18 05 2022,104.161
17 05 2022,104.05
16 05 2022,104.131
13 05 2022,103.834
12 05 2022,104.411
11 05 2022,104.312
10 05 2022,104.315
9 05 2022,104.025
6 05 2022,104.257
5 05 2022,104.461
4 05 2022,104.447
3 05 2022,104.497
2 05 2022,103.813
29 04 2022,103.736
28 04 2022,103.827
27 04 2022,104.203
26 04 2022,104.572
25 04 2022,104.592
22 04 2022,105.129
21 04 2022,105.427
20 04 2022,105.28
19 04 2022,105.358
18 04 2022,103.329
15 04 2022,103.46
14 04 2022,104.522
13 04 2022,104.453
12 04 2022,104.688
11 04 2022,104.623
8 04 2022,104.598
7 04 2022,104.317
6 04 2022,104.41
5 04 2022,104.83
4 04 2022,104.681
1 04 2022,104.86
31 03 2022,104.588
30 03 2022,105.495
29 03 2022,105.436
28 03 2022,105.361
25 03 2022,105.422
24 03 2022,105.166
23 03 2022,105.471
22 03 2022,105.34
21 03 2022,105.589
18 03 2022,106.022
17 03 2022,105.975
16 03 2022,105.63
15 03 2022,105.747
14 03 2022,105.29
11 03 2022,105.519
10 03 2022,105.445
9 03 2022,105.648
8 03 2022,105.479
7 03 2022,105.535
4 03 2022,105.413
3 03 2022,105.384
2 03 2022,104.923
1 03 2022,104.641
28 02 2022,104.564
25 02 2022,104.738
24 02 2022,104.945
23 02 2022,105.439
22 02 2022,105.723
21 02 2022,106.142
18 02 2022,106.127
17 02 2022,106.173
16 02 2022,106.023
15 02 2022,106.241
14 02 2022,106.222
11 02 2022,106.183
10 02 2022,106.18
9 02 2022,105.95
8 02 2022,105.898
7 02 2022,105.328
4 02 2022,106.559
3 02 2022,105.982
2 02 2022,106.382
1 02 2022,105.971
31 01 2022,105.783
28 01 2022,105.797
27 01 2022,106.102
26 01 2022,105.401
25 01 2022,106
24 01 2022,106.582
21 01 2022,106.922
20 01 2022,106.907
19 01 2022,106.486
18 01 2022,105.958
17 01 2022,105.911
14 01 2022,105.547
13 01 2022,105.594
12 01 2022,105.712
11 01 2022,105.947
10 01 2022,105.819
7 01 2022,104.723
6 01 2022,104.914
5 01 2022,105.085
4 01 2022,105.368
3 01 2022,106.123
31 12 2021,106.856
30 12 2021,107.153
29 12 2021,106.795
28 12 2021,107.251
27 12 2021,107.018
24 12 2021,107.242
23 12 2021,106.93
22 12 2021,107.231
21 12 2021,107.29
20 12 2021,106.917
17 12 2021,107.196
16 12 2021,107.253
15 12 2021,107.515
14 12 2021,107.343
13 12 2021,107.494
10 12 2021,107.499
9 12 2021,107.464
8 12 2021,107.923
7 12 2021,107.573
6 12 2021,107.206
3 12 2021,107.191
2 12 2021,107.04
1 12 2021,106.516
30 11 2021,106.904
29 11 2021,106.856
26 11 2021,106.976
25 11 2021,107.003
24 11 2021,107.316
23 11 2021,107.335
22 11 2021,107.379
19 11 2021,106.861
18 11 2021,107.116
17 11 2021,107.749
16 11 2021,108.424
15 11 2021,109.581
12 11 2021,109.139
11 11 2021,108.899
10 11 2021,108.666
9 11 2021,107.584
8 11 2021,107.767
5 11 2021,107.631
4 11 2021,107.719
3 11 2021,107.538
2 11 2021,107.702
1 11 2021,107.597
29 10 2021,107.605
28 10 2021,107.519
27 10 2021,107.696
26 10 2021,107.329
25 10 2021,107.034
22 10 2021,107.248
21 10 2021,107.024
20 10 2021,107.128
19 10 2021,107.644
18 10 2021,106.608
15 10 2021,106.273
14 10 2021,106.088
13 10 2021,106.487
12 10 2021,106.698
11 10 2021,106.871
8 10 2021,107.158
7 10 2021,106.648
6 10 2021,106.858
5 10 2021,107.247
4 10 2021,107.491
1 10 2021,107.556
30 09 2021,107.748
29 09 2021,107.784
28 09 2021,107.606
27 09 2021,107.506
24 09 2021,107.916
23 09 2021,107.425
22 09 2021,107.204
21 09 2021,107.75
20 09 2021,108.338
17 09 2021,108.411
16 09 2021,108.812
15 09 2021,108.741
14 09 2021,109.211
13 09 2021,108.509
10 09 2021,107.857
9 09 2021,107.15
8 09 2021,107.485
7 09 2021,107.7
6 09 2021,107.9
3 09 2021,109.54
2 09 2021,111.197
1 09 2021,111.207
31 08 2021,111.205
30 08 2021,110.659
27 08 2021,110.695
26 08 2021,108.025
25 08 2021,107.691
24 08 2021,105.843
23 08 2021,107.899
20 08 2021,104.631
19 08 2021,104.497
18 08 2021,105.619
17 08 2021,102.358
16 08 2021,105.283
13 08 2021,106.149
12 08 2021,107.519
11 08 2021,107.084
10 08 2021,108.31
9 08 2021,107.994
6 08 2021,109.577
5 08 2021,110.419
4 08 2021,110.191
3 08 2021,110.709
2 08 2021,111.542
30 07 2021,112.059
29 07 2021,111.363
28 07 2021,109.867
27 07 2021,109.872
26 07 2021,109.729
23 07 2021,109.816
22 07 2021,110.096
21 07 2021,109.776
20 07 2021,109.772
19 07 2021,109.699
16 07 2021,109.987
15 07 2021,109.816
14 07 2021,109.519
13 07 2021,108.667
12 07 2021,108.308
9 07 2021,108.95
8 07 2021,109.01
7 07 2021,109.138
6 07 2021,108.884
5 07 2021,109.267
2 07 2021,109.486
1 07 2021,109.835
30 06 2021,109.86
29 06 2021,110.179
28 06 2021,110.102
25 06 2021,110.152
24 06 2021,109.893
23 06 2021,109.983
22 06 2021,109.943
21 06 2021,109.451
18 06 2021,109.514
17 06 2021,109.104
16 06 2021,108.44
15 06 2021,108.363
14 06 2021,108.047
11 06 2021,108.567
10 06 2021,108.631
9 06 2021,108.631
8 06 2021,108.874
7 06 2021,109.421
4 06 2021,109.634
3 06 2021,109.319
2 06 2021,109.378
1 06 2021,109.396
31 05 2021,109.429
28 05 2021,109.367
27 05 2021,109.549
26 05 2021,109.473
25 05 2021,109.534
24 05 2021,109.32
21 05 2021,109.279
20 05 2021,108.553
19 05 2021,108.717
18 05 2021,108.554
17 05 2021,108.534
14 05 2021,108.751
13 05 2021,108.853
12 05 2021,108.633
11 05 2021,108.971
10 05 2021,109.469
7 05 2021,109.504
6 05 2021,109.539
5 05 2021,109.027
4 05 2021,108.918
3 05 2021,108.619
30 04 2021,108.616
29 04 2021,108.605
28 04 2021,108.533
27 04 2021,108.675
26 04 2021,108.773
23 04 2021,108.408
22 04 2021,108.812
21 04 2021,108.99
20 04 2021,109.041
19 04 2021,109.217
16 04 2021,109.282
15 04 2021,108.965
14 04 2021,109.144
13 04 2021,108.573
12 04 2021,108.168
9 04 2021,108.019
8 04 2021,108.826
7 04 2021,108.885
6 04 2021,108.931
5 04 2021,108.655
2 04 2021,108.599
1 04 2021,108.691
31 03 2021,108.481
30 03 2021,108.599
29 03 2021,108.371
26 03 2021,108.631
25 03 2021,108.755
24 03 2021,108.852
23 03 2021,108.391
22 03 2021,108.358
19 03 2021,107.955
18 03 2021,107.473
17 03 2021,107.073
16 03 2021,107.242
15 03 2021,106.89
12 03 2021,106.911
11 03 2021,107.177
10 03 2021,107.74
9 03 2021,108.071
8 03 2021,107.862
5 03 2021,107.83
4 03 2021,107.769
3 03 2021,107.046
2 03 2021,107.54
1 03 2021,107.535
26 02 2021,108.009
25 02 2021,108.443
24 02 2021,108.114
23 02 2021,108.128
22 02 2021,108.057
19 02 2021,108.076
18 02 2021,107.796
17 02 2021,107.542
16 02 2021,107.234
15 02 2021,106.914
12 02 2021,106.935
11 02 2021,106.379
10 02 2021,105.918
9 02 2021,106.198
8 02 2021,106.228
5 02 2021,106.516
4 02 2021,106.118
3 02 2021,105.738
2 02 2021,106.08
1 02 2021,105.363
29 01 2021,106.431
28 01 2021,106.61
27 01 2021,106.223
26 01 2021,106.631
25 01 2021,106.358
22 01 2021,106.122
21 01 2021,105.907
20 01 2021,106.744
19 01 2021,105.295
18 01 2021,105.638
15 01 2021,106.072
14 01 2021,106.266
13 01 2021,106.474
12 01 2021,105.94
11 01 2021,106.55
8 01 2021,107.328
7 01 2021,108.748
6 01 2021,108.591
5 01 2021,108.776
4 01 2021,108.662
1 01 2021,108.628
31 12 2020,108.178
30 12 2020,108.207
29 12 2020,107.863
28 12 2020,107.698
25 12 2020,107.288
24 12 2020,107.942
23 12 2020,108.235
22 12 2020,107.907
21 12 2020,107.884
18 12 2020,108.489
17 12 2020,108.462
16 12 2020,108.852
15 12 2020,108.718
14 12 2020,108.454
11 12 2020,107.809
10 12 2020,107.783
9 12 2020,107.875
8 12 2020,108.439
7 12 2020,107.908
4 12 2020,107.789
3 12 2020,107.787
2 12 2020,107.169
1 12 2020,107.295
30 11 2020,107.303
27 11 2020,107.292
26 11 2020,108.101
25 11 2020,108.446
24 11 2020,108.539
23 11 2020,108.55
20 11 2020,108.378
19 11 2020,108.502
18 11 2020,108.516
17 11 2020,108.429
16 11 2020,108.189
13 11 2020,108.396
12 11 2020,108.461
11 11 2020,108.143
10 11 2020,108.06
9 11 2020,108.278
6 11 2020,109.621
5 11 2020,109.589
4 11 2020,109.372
3 11 2020,109.504
2 11 2020,109.285
30 10 2020,109.6
29 10 2020,110.348
28 10 2020,110.489
27 10 2020,110.061
26 10 2020,110.054
23 10 2020,109.841
22 10 2020,109.587
21 10 2020,109.598
20 10 2020,109.301
19 10 2020,109.94
16 10 2020,109.767
15 10 2020,110.091
14 10 2020,110.24
13 10 2020,110.742
12 10 2020,111.09
9 10 2020,111.495
8 10 2020,111.369
7 10 2020,111.41
6 10 2020,111.644
5 10 2020,111.526
2 10 2020,111.601
1 10 2020,112.185
30 09 2020,111.854
29 09 2020,111.934
28 09 2020,111.859
25 09 2020,111.952
24 09 2020,112.056
23 09 2020,111.982
22 09 2020,112.032
21 09 2020,111.993
18 09 2020,111.645
17 09 2020,111.003
16 09 2020,111.132
15 09 2020,111.464
14 09 2020,111.688
11 09 2020,111.648
10 09 2020,111.486
9 09 2020,111.31
8 09 2020,111.343
7 09 2020,110.825
4 09 2020,110.609
3 09 2020,110.51
2 09 2020,110.631
1 09 2020,109.957
31 08 2020,109.925
28 08 2020,110.8
27 08 2020,110.684
26 08 2020,111.385
25 08 2020,111.424
24 08 2020,111.471
21 08 2020,111.672
20 08 2020,111.143
19 08 2020,111.344
18 08 2020,111.194
17 08 2020,111.156
14 08 2020,111.555
13 08 2020,111.759
12 08 2020,111.877
11 08 2020,111.737
10 08 2020,111.906
7 08 2020,111.381
6 08 2020,110.989
5 08 2020,110.58
4 08 2020,111.061
3 08 2020,110.637
31 07 2020,110.692
30 07 2020,110.845
29 07 2020,110.615
28 07 2020,110.591
27 07 2020,110.458
24 07 2020,110.466
23 07 2020,111.002
22 07 2020,110.476
21 07 2020,110.361
20 07 2020,109.724
17 07 2020,109.804
16 07 2020,109.964
15 07 2020,109.96
14 07 2020,109.874
13 07 2020,109.504
10 07 2020,108.861
9 07 2020,109.033
8 07 2020,109.385
7 07 2020,109.332
6 07 2020,109.539
3 07 2020,109.632
2 07 2020,109.593
1 07 2020,109.357
30 06 2020,109.655
29 06 2020,109.769
26 06 2020,109.25
25 06 2020,109.087
24 06 2020,108.643
23 06 2020,108.157
22 06 2020,108.528
19 06 2020,108.425
18 06 2020,108.158
17 06 2020,108.723
16 06 2020,108.705
15 06 2020,108.518
12 06 2020,107.646
11 06 2020,108.874
10 06 2020,109.556
9 06 2020,109.556
8 06 2020,110.239
5 06 2020,110.959
4 06 2020,111.362
3 06 2020,110.218
2 06 2020,110.433
1 06 2020,111.211
29 05 2020,111.282
28 05 2020,112.471
27 05 2020,112.513
26 05 2020,112.828
25 05 2020,113.371
22 05 2020,113.589
21 05 2020,113.277
20 05 2020,113.37
19 05 2020,113.317
18 05 2020,112.689
15 05 2020,112.659
14 05 2020,113.187
13 05 2020,112.755
12 05 2020,113.647
11 05 2020,113.437
8 05 2020,113.48
7 05 2020,113.675
6 05 2020,113.776
5 05 2020,113.579
4 05 2020,112.941
1 05 2020,112.931
30 04 2020,113.051
29 04 2020,112.754
28 04 2020,112.546
27 04 2020,112.811
24 04 2020,113.621
23 04 2020,113.611
22 04 2020,113.803
21 04 2020,113.833
20 04 2020,113.772
17 04 2020,114.064
16 04 2020,113.491
15 04 2020,113.418
14 04 2020,113.189
13 04 2020,113.181
10 04 2020,112.694
9 04 2020,112.938
8 04 2020,113.117
7 04 2020,112.353
6 04 2020,111.874
3 04 2020,112.408
2 04 2020,112.244
1 04 2020,112.439
31 03 2020,112.813
30 03 2020,112.504
27 03 2020,112.184
26 03 2020,112.635
25 03 2020,112.249
24 03 2020,111.764
23 03 2020,112.157
20 03 2020,112.158
19 03 2020,112.267
18 03 2020,112.949
17 03 2020,113.227
16 03 2020,113.681
13 03 2020,113.879
12 03 2020,114.532
11 03 2020,113.638
10 03 2020,113.89
9 03 2020,113.697
6 03 2020,113.354
5 03 2020,112.709
4 03 2020,112.973
3 03 2020,112.797
2 03 2020,112.539
28 02 2020,112.487
27 02 2020,112.276
26 02 2020,112.354
25 02 2020,111.84
24 02 2020,112.054
21 02 2020,111.917
20 02 2020,111.254
19 02 2020,111.626
18 02 2020,111.103
17 02 2020,110.969
14 02 2020,110.746
13 02 2020,111.525
12 02 2020,111.352
11 02 2020,111.035
10 02 2020,111.065
7 02 2020,110.964
6 02 2020,111.676
5 02 2020,111.187
4 02 2020,111.073
3 02 2020,111.204
31 01 2020,111.269
30 01 2020,110.547
29 01 2020,110.274
28 01 2020,110.065
27 01 2020,110.487
24 01 2020,110.888
23 01 2020,110.738
22 01 2020,111.143
21 01 2020,110.676
20 01 2020,110.807
17 01 2020,111.079
16 01 2020,110.978
15 01 2020,111.378
14 01 2020,111.401
13 01 2020,111.255
10 01 2020,111.656
9 01 2020,111.718
8 01 2020,111.823
7 01 2020,111.059
6 01 2020,111.006
3 01 2020,111.22
2 01 2020,110.969
1 01 2020,111.196
31 12 2019,111.339
30 12 2019,111.44
27 12 2019,112.462
26 12 2019,112.861
25 12 2019,112.875
24 12 2019,112.283
23 12 2019,112.337
20 12 2019,112.537
19 12 2019,111.989
18 12 2019,110.993
17 12 2019,110.844
16 12 2019,110.452
13 12 2019,110.632
12 12 2019,110.458
11 12 2019,110.568
10 12 2019,110.893
9 12 2019,110.671
6 12 2019,110.488
5 12 2019,110.258
4 12 2019,110.048
3 12 2019,109.75
2 12 2019,109.974
29 11 2019,109.98
28 11 2019,110.357
27 11 2019,110.056
26 11 2019,110.542
25 11 2019,110.632
22 11 2019,110.628
21 11 2019,110.336
20 11 2019,110.366
19 11 2019,110.033
18 11 2019,109.529
15 11 2019,109.694
14 11 2019,110.177
13 11 2019,109.782
12 11 2019,109.813
11 11 2019,109.508
8 11 2019,108.809
7 11 2019,108.904
6 11 2019,108.757
5 11 2019,109.41
4 11 2019,109.377
1 11 2019,109.25
31 10 2019,110.075
30 10 2019,110.894
29 10 2019,111.045
28 10 2019,110.748
25 10 2019,110.758
24 10 2019,110.392
23 10 2019,110.346
22 10 2019,109.65
21 10 2019,109.369
18 10 2019,109.39
17 10 2019,109.742
16 10 2019,109.122
15 10 2019,109.089
14 10 2019,109.101
11 10 2019,109.191
10 10 2019,109.836
9 10 2019,109.861
8 10 2019,109.33
7 10 2019,109.045
4 10 2019,109.294
3 10 2019,109.421
2 10 2019,108.813
1 10 2019,108.701
30 09 2019,107.632
27 09 2019,107.363
26 09 2019,107.23
25 09 2019,107.004
24 09 2019,107.108
23 09 2019,107.335
20 09 2019,107.317
19 09 2019,106.786
18 09 2019,107.197
17 09 2019,106.752
16 09 2019,106.902
13 09 2019,107.381
12 09 2019,106.773
11 09 2019,106.607
10 09 2019,105.878
9 09 2019,106.249
6 09 2019,106.426
5 09 2019,106.845
4 09 2019,105.332
3 09 2019,105.4
2 09 2019,104.721
30 08 2019,105.275
29 08 2019,106.048
28 08 2019,106.532
27 08 2019,106.091
26 08 2019,105.98
23 08 2019,106.333
22 08 2019,106.319
21 08 2019,106.569
20 08 2019,106.411
19 08 2019,106.806
16 08 2019,106.216
15 08 2019,106.066
14 08 2019,106.123
13 08 2019,106.198
12 08 2019,105.718
9 08 2019,106.232
8 08 2019,106.672
7 08 2019,107.328
6 08 2019,106.923
5 08 2019,106.866
2 08 2019,106.753
1 08 2019,107.772
31 07 2019,107.324
30 07 2019,106.586
29 07 2019,106.206
26 07 2019,106.117
25 07 2019,107.004
24 07 2019,107.823
23 07 2019,108.645
22 07 2019,108.782
19 07 2019,108.732
18 07 2019,109.314
17 07 2019,109.55
16 07 2019,109.058
15 07 2019,110.137
12 07 2019,109.402
11 07 2019,109.188
10 07 2019,108.769
9 07 2019,108.953
8 07 2019,108.606
5 07 2019,109.402
4 07 2019,109.22
3 07 2019,110.297
2 07 2019,110.917
1 07 2019,110.817
28 06 2019,111.091
27 06 2019,111.289
26 06 2019,110.448
25 06 2019,110.525
24 06 2019,111.018
21 06 2019,111.255
20 06 2019,111.436
19 06 2019,112.638
18 06 2019,113.09
17 06 2019,113.027
14 06 2019,112.743
13 06 2019,112.503
12 06 2019,112.278
11 06 2019,112.658
10 06 2019,112.658
7 06 2019,112.866
6 06 2019,113.347
5 06 2019,113.227
4 06 2019,113.225
3 06 2019,113.26
31 05 2019,113.326
30 05 2019,113.39
29 05 2019,112.883
28 05 2019,112.538
27 05 2019,112.585
24 05 2019,112.381
23 05 2019,112.537
22 05 2019,113.543
21 05 2019,113.553
20 05 2019,113.461
17 05 2019,113.082
16 05 2019,112.288
15 05 2019,112.573
14 05 2019,112.413
13 05 2019,112.176
10 05 2019,112.532
9 05 2019,111.927
8 05 2019,111.477
7 05 2019,111.092
6 05 2019,111.502
3 05 2019,111.21
2 05 2019,111.215
1 05 2019,112.441
30 04 2019,112.621
29 04 2019,112.072
26 04 2019,113.052
25 04 2019,112.872
24 04 2019,113.451
23 04 2019,113.624
22 04 2019,113.495
19 04 2019,113.469
18 04 2019,113.868
17 04 2019,114.013
16 04 2019,113.7
15 04 2019,114.05
12 04 2019,114.088
11 04 2019,114.173
10 04 2019,113.634
9 04 2019,113.173
8 04 2019,113.673
5 04 2019,113.974
4 04 2019,113.74
3 04 2019,113.891
2 04 2019,113.432
1 04 2019,113.511
29 03 2019,112.533
28 03 2019,112.925
27 03 2019,112.195
26 03 2019,112.186
25 03 2019,111.825
22 03 2019,112.277
21 03 2019,112.485
20 03 2019,112.443
19 03 2019,112.688
18 03 2019,112.614
15 03 2019,112.811
14 03 2019,112.75
13 03 2019,112.844
12 03 2019,112.751
11 03 2019,112.471
8 03 2019,112.333
7 03 2019,112.819
6 03 2019,112.221
5 03 2019,111.727
4 03 2019,111.988
1 03 2019,112.458
28 02 2019,112.209
27 02 2019,111.583
26 02 2019,111.563
25 02 2019,110.826
22 02 2019,110.233
21 02 2019,110.477
20 02 2019,110.154
19 02 2019,109.38
18 02 2019,107.842
15 02 2019,108.437
14 02 2019,109.207
13 02 2019,108.798
12 02 2019,109.714
11 02 2019,110.239
8 02 2019,109.965
7 02 2019,110.236
6 02 2019,109.692
5 02 2019,109.241
4 02 2019,109.337
1 02 2019,109.553
31 01 2019,109.039
30 01 2019,109.552
29 01 2019,108.967
28 01 2019,109.183
25 01 2019,109.56
24 01 2019,110.188
23 01 2019,110.666
22 01 2019,109.621
21 01 2019,109.168
18 01 2019,109.188
17 01 2019,110.054
16 01 2019,110.312
15 01 2019,110.743
14 01 2019,110.662
11 01 2019,110.039
10 01 2019,110.725
9 01 2019,110.351
8 01 2019,110.253
7 01 2019,110.69
4 01 2019,111.227
3 01 2019,111.166
2 01 2019,111.885
1 01 2019,111.086
31 12 2018,111.121
28 12 2018,111.887
27 12 2018,111.968
26 12 2018,112.061
25 12 2018,112.621
24 12 2018,112.519
21 12 2018,113.276
20 12 2018,113.152
19 12 2018,113.931
18 12 2018,114.035
17 12 2018,113.894
14 12 2018,113.219
13 12 2018,113.255
12 12 2018,113.277
11 12 2018,113.376
10 12 2018,112.352
7 12 2018,112.17
6 12 2018,112.283
5 12 2018,112.348
4 12 2018,111.851
3 12 2018,111.264
30 11 2018,111.32
29 11 2018,111.386
28 11 2018,111.461
27 11 2018,111.526
26 11 2018,110.857
23 11 2018,110.939
22 11 2018,109.559
21 11 2018,110.065
20 11 2018,109.937
19 11 2018,110.329
16 11 2018,109.971
15 11 2018,109.818
14 11 2018,109.411
13 11 2018,110.453
12 11 2018,110.37
9 11 2018,111.353
8 11 2018,110.779
7 11 2018,110.831
6 11 2018,111.246
5 11 2018,111.312
2 11 2018,111.834
1 11 2018,111.493
31 10 2018,111.765
30 10 2018,111.297
29 10 2018,111.247
26 10 2018,111.477
25 10 2018,110.803
24 10 2018,113.113
23 10 2018,113.775
22 10 2018,113.342
19 10 2018,113.853
18 10 2018,114.266
17 10 2018,113.97
16 10 2018,113.255
15 10 2018,112.686
12 10 2018,112.457
11 10 2018,112.737
10 10 2018,111.982
9 10 2018,111.826
8 10 2018,111.498
5 10 2018,111.251
4 10 2018,111.052
3 10 2018,111.077
2 10 2018,109.757
1 10 2018,109.072
28 09 2018,109.317
27 09 2018,108.861
26 09 2018,108.411
25 09 2018,108.903
24 09 2018,108.567
21 09 2018,109.079
20 09 2018,109.031
19 09 2018,109.615
18 09 2018,110.939
17 09 2018,111.068
14 09 2018,110.799
13 09 2018,110.701
12 09 2018,110.734
11 09 2018,110.895
10 09 2018,111.379
7 09 2018,111.925
6 09 2018,111.036
5 09 2018,111.133
4 09 2018,110.662
3 09 2018,111.303
31 08 2018,110.931
30 08 2018,111.161
29 08 2018,111.708
28 08 2018,112.545
27 08 2018,112.663
24 08 2018,113.321
23 08 2018,113.369
22 08 2018,114.74
21 08 2018,114.879
20 08 2018,114.724
17 08 2018,114.937
16 08 2018,114.332
15 08 2018,113.981
14 08 2018,113.882
13 08 2018,113.995
10 08 2018,114.402
9 08 2018,113.721
8 08 2018,112.77
7 08 2018,112.691
6 08 2018,112.083
3 08 2018,112.606
2 08 2018,113.3
1 08 2018,113.671
31 07 2018,113.08
30 07 2018,112.793
27 07 2018,113.235
26 07 2018,114.162
25 07 2018,114.254
24 07 2018,113.729
23 07 2018,113.169
20 07 2018,113.249
19 07 2018,111.93
18 07 2018,112.381
17 07 2018,111.734
16 07 2018,112.551
13 07 2018,112.797
12 07 2018,113.234
11 07 2018,112.797
10 07 2018,113.773
9 07 2018,115.139
6 07 2018,114.514
5 07 2018,113.274
4 07 2018,113.785
3 07 2018,112.701
2 07 2018,114.592
29 06 2018,114.853
28 06 2018,114.631
27 06 2018,112.619
26 06 2018,114.18
25 06 2018,114.43
22 06 2018,114.711
21 06 2018,115.408
20 06 2018,115.77
19 06 2018,116.011
18 06 2018,116.942
15 06 2018,115.345
14 06 2018,117.222
13 06 2018,117.74
12 06 2018,117.509
11 06 2018,116.929
8 06 2018,116.534
7 06 2018,117.248
6 06 2018,117.421
5 06 2018,117.071
4 06 2018,117.296
1 06 2018,117.517
31 05 2018,117.553
30 05 2018,117.842
29 05 2018,117.086
28 05 2018,117.891
25 05 2018,118.163
24 05 2018,117.039
23 05 2018,115.181
22 05 2018,115.018
21 05 2018,115.276
18 05 2018,114.033
17 05 2018,113.747
16 05 2018,113.996
15 05 2018,113.832
14 05 2018,113.464
11 05 2018,114.065
10 05 2018,114.449
9 05 2018,112.373
8 05 2018,111.925
7 05 2018,113.165
4 05 2018,113.28
3 05 2018,112.489
2 05 2018,111.131
1 05 2018,110.799
30 04 2018,110.877
27 04 2018,110.133
26 04 2018,109.065
25 04 2018,109.177
24 04 2018,108.41
23 04 2018,106.635
20 04 2018,106.798
19 04 2018,105.662
18 04 2018,105.145
17 04 2018,104.454
16 04 2018,103.101
13 04 2018,102.981
12 04 2018,103.297
11 04 2018,104.153
10 04 2018,104.818
9 04 2018,104.73
6 04 2018,105.281
5 04 2018,104.471
4 04 2018,104.218
3 04 2018,104.177
2 04 2018,103.803
30 03 2018,103.946
29 03 2018,103.434
28 03 2018,103.866
27 03 2018,103.883
26 03 2018,104.082
23 03 2018,103.691
22 03 2018,104.205
21 03 2018,103.49
20 03 2018,103.606
19 03 2018,102.862
16 03 2018,103.938
15 03 2018,103.498
14 03 2018,102.883
13 03 2018,101.645
12 03 2018,101.297
9 03 2018,101.322
8 03 2018,101.017
7 03 2018,100.679
6 03 2018,100.424
5 03 2018,100.316
2 03 2018,100.978
1 03 2018,100.745
28 02 2018,100.318
27 02 2018,101.701
26 02 2018,101.92
23 02 2018,102.257
22 02 2018,102.079
21 02 2018,102.408
20 02 2018,102.544
19 02 2018,101.834
16 02 2018,102.669
15 02 2018,102.489
14 02 2018,101.738
13 02 2018,102.011
12 02 2018,103.407
9 02 2018,103.897
8 02 2018,103.238
7 02 2018,103.423
6 02 2018,102.968
5 02 2018,101.912
2 02 2018,101.805
1 02 2018,100.522
31 01 2018,100.451
30 01 2018,100.238
29 01 2018,100.326
26 01 2018,100.187
25 01 2018,99.883
24 01 2018,100.267
23 01 2018,100.302
22 01 2018,101.254
19 01 2018,101.284
18 01 2018,101.955
17 01 2018,101.274
16 01 2018,101.873
15 01 2018,102.446
12 01 2018,101.785
11 01 2018,101.202
10 01 2018,101.24
9 01 2018,100.889
8 01 2018,102.384
5 01 2018,102.056
4 01 2018,105.249
3 01 2018,105.386
2 01 2018,104.631
1 01 2018,105.799
29 12 2017,106.036
28 12 2017,105.809
27 12 2017,106.879
26 12 2017,106.11
25 12 2017,106.147
22 12 2017,104.839
21 12 2017,105.341
20 12 2017,104.466
19 12 2017,104.663
18 12 2017,102.779
15 12 2017,100.549
14 12 2017,100.752
13 12 2017,101.315
12 12 2017,101.711
11 12 2017,102.524
8 12 2017,102.475
7 12 2017,103.198
6 12 2017,102.817
5 12 2017,102.744
4 12 2017,101.981
1 12 2017,102.03
30 11 2017,106.142
29 11 2017,104.393
28 11 2017,104.733
27 11 2017,103.929
24 11 2017,104.1
23 11 2017,104.251
22 11 2017,106.007
21 11 2017,106.097
20 11 2017,106.248
17 11 2017,106.967
16 11 2017,107.076
15 11 2017,106.986
14 11 2017,107.337
13 11 2017,107.552
10 11 2017,106.51
9 11 2017,108.869
8 11 2017,109.533
7 11 2017,110.701
6 11 2017,111.107
3 11 2017,110.25
2 11 2017,109.758
1 11 2017,110.164
31 10 2017,109.988
30 10 2017,109.235
27 10 2017,110.098
26 10 2017,109.959
25 10 2017,110.196
24 10 2017,109.131
23 10 2017,109.02
20 10 2017,108.595
19 10 2017,108.991
18 10 2017,108.399
17 10 2017,109.26
16 10 2017,108.319
13 10 2017,107.104
12 10 2017,107.253
11 10 2017,106.979
10 10 2017,106.579
9 10 2017,106.406
6 10 2017,106.315
5 10 2017,108.095
4 10 2017,111.436
3 10 2017,111.306
2 10 2017,111.198
29 09 2017,111.762
28 09 2017,109.453
27 09 2017,109.833
26 09 2017,109.192
25 09 2017,108.816
22 09 2017,108.728
21 09 2017,109.383
20 09 2017,109.335
19 09 2017,108.54
18 09 2017,107.942
15 09 2017,108.032
14 09 2017,108.185
13 09 2017,109.788
12 09 2017,110.329
11 09 2017,111.323
8 09 2017,111.649
7 09 2017,112.565
6 09 2017,112.41
5 09 2017,112.666
4 09 2017,113.438
1 09 2017,113.066
31 08 2017,112.896
30 08 2017,112.355
29 08 2017,112.362
28 08 2017,111.947
25 08 2017,111.531
24 08 2017,111.384
23 08 2017,112.539
22 08 2017,113.164
21 08 2017,113.822
18 08 2017,113.838
17 08 2017,113.162
16 08 2017,113.319
15 08 2017,112.624
14 08 2017,113.43
11 08 2017,113.714
10 08 2017,113.672
9 08 2017,113.458
8 08 2017,113.972
7 08 2017,112.671
4 08 2017,113.98
3 08 2017,112.991
2 08 2017,112.18
1 08 2017,112.096
31 07 2017,112.894
28 07 2017,112.558
27 07 2017,113.225
26 07 2017,114.075
25 07 2017,114.042
24 07 2017,114.562
21 07 2017,113.192
20 07 2017,112.423
19 07 2017,113.319
18 07 2017,115.107
17 07 2017,115.841
14 07 2017,116.817
13 07 2017,116.773
12 07 2017,117.877
11 07 2017,119.956
10 07 2017,120.969
7 07 2017,121.12
6 07 2017,118.807
5 07 2017,118.658
4 07 2017,118.411
3 07 2017,118.291
30 06 2017,118.768
29 06 2017,117.687
28 06 2017,116.933
27 06 2017,117.627
26 06 2017,117.307
23 06 2017,116.967
22 06 2017,118.053
21 06 2017,117.668
20 06 2017,117.636
19 06 2017,117.755
16 06 2017,117.222
15 06 2017,117.665
14 06 2017,118.463
13 06 2017,119.059
12 06 2017,119.434
9 06 2017,120.23
8 06 2017,120.23
7 06 2017,120.524
6 06 2017,120.452
5 06 2017,120.403
2 06 2017,120.19
1 06 2017,120.376
31 05 2017,120.913
30 05 2017,121.064
29 05 2017,121.172
26 05 2017,121.14
25 05 2017,122.55
24 05 2017,122.203
23 05 2017,121.658
22 05 2017,121.027
19 05 2017,120.994
18 05 2017,121.547
17 05 2017,121.437
16 05 2017,122.926
15 05 2017,123.363
12 05 2017,123.087
11 05 2017,122.594
10 05 2017,123.246
9 05 2017,122.86
8 05 2017,123.098
5 05 2017,122.707
4 05 2017,122.565
3 05 2017,122.697
2 05 2017,122.522
1 05 2017,122.833
28 04 2017,122.766
27 04 2017,122.857
26 04 2017,123.622
25 04 2017,123.438
24 04 2017,123.172
21 04 2017,122.579
20 04 2017,122.595
19 04 2017,122.851
18 04 2017,123.142
17 04 2017,123.168
14 04 2017,123.077
13 04 2017,121.744
12 04 2017,121.567
11 04 2017,121.062
10 04 2017,120.752
7 04 2017,120.598
6 04 2017,120.603
5 04 2017,121.122
4 04 2017,121.087
3 04 2017,120.446
31 03 2017,121.093
30 03 2017,121.459
29 03 2017,120.683
28 03 2017,119.91
27 03 2017,119.835
24 03 2017,119.492
23 03 2017,119.398
22 03 2017,118.887
21 03 2017,118.83
20 03 2017,119.734
17 03 2017,120.03
16 03 2017,120.247
15 03 2017,119.932
14 03 2017,120.013
13 03 2017,120.218
10 03 2017,120.455
9 03 2017,119.871
8 03 2017,119.924
7 03 2017,119.879
6 03 2017,119.733
3 03 2017,119.914
2 03 2017,120.547
1 03 2017,120.06
28 02 2017,120.259
27 02 2017,120.15
24 02 2017,120.543
23 02 2017,119.948
22 02 2017,120.006
21 02 2017,120.557
20 02 2017,120.408
17 02 2017,120.235
16 02 2017,120.565
15 02 2017,120.615
14 02 2017,120.492
13 02 2017,119.809
10 02 2017,119.269
9 02 2017,118.997
8 02 2017,120.056
7 02 2017,120.327
6 02 2017,119.371
3 02 2017,121.223
2 02 2017,121.716
1 02 2017,121.01
31 01 2017,119.891
30 01 2017,118.815
27 01 2017,118.402
26 01 2017,121.97
25 01 2017,123.396
24 01 2017,123.788
23 01 2017,124.397
20 01 2017,124.379
19 01 2017,124.299
18 01 2017,124.406
17 01 2017,124.206
16 01 2017,125.115
13 01 2017,124.616
12 01 2017,124.211
11 01 2017,124.732
10 01 2017,124.852
9 01 2017,124.383
6 01 2017,124.025
5 01 2017,123.854
4 01 2017,124.138
3 01 2017,123.923
2 01 2017,123.556
30 12 2016,123.236
29 12 2016,123.776
28 12 2016,123.924
27 12 2016,123.951
26 12 2016,123.883
23 12 2016,124.279
22 12 2016,124.061
21 12 2016,124.149
20 12 2016,123.758
19 12 2016,123.39
16 12 2016,123.418
15 12 2016,122.763
14 12 2016,121.332
13 12 2016,120.7
12 12 2016,122.523
9 12 2016,122.567
8 12 2016,122.78
7 12 2016,123.05
6 12 2016,123.17
5 12 2016,122.494
2 12 2016,122.538
1 12 2016,123.867
30 11 2016,123.624
29 11 2016,123.846
28 11 2016,123.942
25 11 2016,123.35
24 11 2016,122.658
23 11 2016,122.958
22 11 2016,123.42
21 11 2016,123.354
18 11 2016,123.407
17 11 2016,123.377
16 11 2016,123.407
15 11 2016,122.664
14 11 2016,124.331
11 11 2016,124.474
10 11 2016,125.578
9 11 2016,124.353
8 11 2016,124.245
7 11 2016,124.101
4 11 2016,124.762
3 11 2016,124.135
2 11 2016,123.95
1 11 2016,123.647
31 10 2016,123.088
28 10 2016,121.552
27 10 2016,121.543
26 10 2016,121.026
25 10 2016,121.32
24 10 2016,120.688
21 10 2016,119.972
20 10 2016,119.244
19 10 2016,119.163
18 10 2016,119.139
17 10 2016,119.862
14 10 2016,120.074
13 10 2016,119.758
12 10 2016,119.736
11 10 2016,119.439
10 10 2016,119.842
7 10 2016,120.105
6 10 2016,120.19
5 10 2016,119.368
4 10 2016,119.01
3 10 2016,118.854
30 09 2016,119.03
29 09 2016,118.972
28 09 2016,119.577
27 09 2016,119.898
26 09 2016,119.65
23 09 2016,119.146
22 09 2016,118.837
21 09 2016,118.99
20 09 2016,119.135
19 09 2016,119.389
16 09 2016,120.114
15 09 2016,120.169
14 09 2016,120.568
13 09 2016,120.124
12 09 2016,120.261
9 09 2016,119.524
8 09 2016,118.926
7 09 2016,119.707
6 09 2016,119.754
5 09 2016,120.128
2 09 2016,120.063
1 09 2016,119.123
31 08 2016,119.174
30 08 2016,119.482
29 08 2016,119.75
26 08 2016,119.723
25 08 2016,120.023
24 08 2016,120.777
23 08 2016,120.104
22 08 2016,121.359
19 08 2016,121.332
18 08 2016,121.368
17 08 2016,121.283
16 08 2016,121.439
15 08 2016,121.117
12 08 2016,121.146
11 08 2016,120.827
10 08 2016,120.123
9 08 2016,119.653
8 08 2016,119.72
5 08 2016,120.118
4 08 2016,119.57
3 08 2016,119.41
2 08 2016,118.855
1 08 2016,118.964
29 07 2016,118.806
28 07 2016,118.971
27 07 2016,118.94
26 07 2016,118.784
25 07 2016,119.235
22 07 2016,118.474
21 07 2016,118.734
20 07 2016,119.104
19 07 2016,120.451
18 07 2016,119.415
15 07 2016,118.629
14 07 2016,119.095
13 07 2016,117.52
12 07 2016,117.253
11 07 2016,117.55
8 07 2016,117.584
7 07 2016,117.501
6 07 2016,118.276
5 07 2016,117.515
4 07 2016,117.866
1 07 2016,118.453
30 06 2016,117.737
29 06 2016,118.484
28 06 2016,117.956
27 06 2016,118.803
24 06 2016,117.556
23 06 2016,117.58
22 06 2016,116.161
21 06 2016,117.32
20 06 2016,117.925
17 06 2016,118.341
16 06 2016,118.464
15 06 2016,119.655
14 06 2016,119.255
13 06 2016,118.375
10 06 2016,119.636
9 06 2016,120.448
8 06 2016,119.724
7 06 2016,119.667
6 06 2016,119.466
3 06 2016,120.66
2 06 2016,120.338
1 06 2016,120.066
31 05 2016,120.481
30 05 2016,120.68
27 05 2016,120.053
26 05 2016,119.554
25 05 2016,118.834
24 05 2016,118.638
23 05 2016,116.395
20 05 2016,117.814
19 05 2016,118.736
18 05 2016,118.636
17 05 2016,117.813
16 05 2016,119.69
13 05 2016,120.684
12 05 2016,121.425
11 05 2016,119.779
10 05 2016,119.79
9 05 2016,119.211
6 05 2016,118.391
5 05 2016,118.576
4 05 2016,117.696
3 05 2016,117.724
2 05 2016,117.971
29 04 2016,118.268
28 04 2016,117.767
27 04 2016,118.199
26 04 2016,117.966
25 04 2016,116.855
22 04 2016,116.639
21 04 2016,116.221
20 04 2016,115.764
19 04 2016,115.486
18 04 2016,115.764
15 04 2016,114.854
14 04 2016,114.576
13 04 2016,115.208
12 04 2016,114.637
11 04 2016,113.595
8 04 2016,114.041
7 04 2016,112.299
6 04 2016,109.212
5 04 2016,108.888
4 04 2016,108.153
1 04 2016,107.814
31 03 2016,108.156
30 03 2016,108.264
29 03 2016,107.134
28 03 2016,106.994
25 03 2016,106.944
24 03 2016,106.867
23 03 2016,106.326
22 03 2016,105.907
21 03 2016,107.046
18 03 2016,106.834
17 03 2016,107.645
16 03 2016,107.836
15 03 2016,108.074
14 03 2016,108.023
11 03 2016,108.776
10 03 2016,109.752
9 03 2016,108.42
8 03 2016,108.887
7 03 2016,109.648
4 03 2016,109.493
3 03 2016,109.289
2 03 2016,108.746
1 03 2016,109.037
29 02 2016,108.886
26 02 2016,108.835
25 02 2016,109.01
24 02 2016,108.679
23 02 2016,108.369
22 02 2016,107.121
19 02 2016,107.18
18 02 2016,107.334
17 02 2016,107.102
16 02 2016,106.856
15 02 2016,106.193
12 02 2016,106.03
11 02 2016,105.084
10 02 2016,105.266
9 02 2016,104.788
8 02 2016,105.093
5 02 2016,104.343
4 02 2016,104.076
3 02 2016,103.716
2 02 2016,103.876
1 02 2016,104.061
29 01 2016,104.049
28 01 2016,103.85
27 01 2016,103.849
26 01 2016,103.757
25 01 2016,102.914
22 01 2016,102.564
21 01 2016,102.333
20 01 2016,102.449
19 01 2016,102.414
18 01 2016,102.259
15 01 2016,102.187
14 01 2016,102.015
13 01 2016,102.092
12 01 2016,102.102
11 01 2016,102.592
8 01 2016,102.564
7 01 2016,102.588
6 01 2016,102.793
5 01 2016,102.792
4 01 2016,102.114
1 01 2016,101.858
31 12 2015,101.81
30 12 2015,101.812
29 12 2015,101.478
28 12 2015,101.464
25 12 2015,101.396
24 12 2015,101.325
23 12 2015,101.167
22 12 2015,101.664
21 12 2015,101.682
18 12 2015,101.536
17 12 2015,101.251
16 12 2015,101.337
15 12 2015,101.637
14 12 2015,101.571
11 12 2015,101.855
10 12 2015,102.005
9 12 2015,102.187
8 12 2015,101.772
7 12 2015,101.522
4 12 2015,101.323
3 12 2015,101.374
2 12 2015,101.725
1 12 2015,101.862
30 11 2015,101.969
27 11 2015,101.921
26 11 2015,102.06
25 11 2015,101.936
24 11 2015,101.918
23 11 2015,102.145
20 11 2015,101.824
19 11 2015,102.017
18 11 2015,101.694
17 11 2015,102.073
16 11 2015,102.352
13 11 2015,102.525
12 11 2015,102.459
11 11 2015,102.409
10 11 2015,102.745
9 11 2015,102.506
6 11 2015,102.381
5 11 2015,101.756
4 11 2015,101.785
3 11 2015,101.84
2 11 2015,101.973
30 10 2015,101.933
29 10 2015,101.952
28 10 2015,101.733
27 10 2015,101.359
26 10 2015,101.323
23 10 2015,101.494
22 10 2015,101.477
21 10 2015,101.578
20 10 2015,101.884
19 10 2015,102.252
16 10 2015,102.117
15 10 2015,101.844
14 10 2015,101.656
13 10 2015,101.898
12 10 2015,101.681
9 10 2015,102.14
8 10 2015,102.174
7 10 2015,102.324
6 10 2015,102.232
5 10 2015,102.636
2 10 2015,102.488
1 10 2015,102.162
30 09 2015,102.315
29 09 2015,102.536
28 09 2015,102.611
25 09 2015,102.6
24 09 2015,102.372
23 09 2015,102.385
22 09 2015,102.228
21 09 2015,101.912
18 09 2015,101.843
17 09 2015,101.614
16 09 2015,101.53
15 09 2015,101.992
14 09 2015,101.808
11 09 2015,103.093
10 09 2015,103.23
9 09 2015,103.92
8 09 2015,103.881
7 09 2015,103.645
4 09 2015,103.224
3 09 2015,102.82
2 09 2015,102.178
1 09 2015,102.029
31 08 2015,102.256
28 08 2015,102.242
27 08 2015,102.263
26 08 2015,102.386
25 08 2015,102.316
24 08 2015,101.441
21 08 2015,101.768
20 08 2015,101.334
19 08 2015,101.835
18 08 2015,102.747
17 08 2015,103.021
14 08 2015,103.263
13 08 2015,103.243
12 08 2015,103.064
11 08 2015,102.296
10 08 2015,102.209
7 08 2015,101.44
6 08 2015,101.733
5 08 2015,101.735
4 08 2015,102.125
3 08 2015,102.362
31 07 2015,102.233
30 07 2015,102.498
29 07 2015,102.463
28 07 2015,102.269
27 07 2015,102.302
24 07 2015,102.352
23 07 2015,101.913
22 07 2015,101.785
21 07 2015,102.165
20 07 2015,102.525
17 07 2015,102.625
16 07 2015,102.257
15 07 2015,102.292
14 07 2015,102.101
13 07 2015,101.445
10 07 2015,101.64
9 07 2015,100.974
8 07 2015,101.94
7 07 2015,102.713
6 07 2015,102.283
3 07 2015,102.937
2 07 2015,102.541
1 07 2015,102.33
30 06 2015,103.264
29 06 2015,104.513
26 06 2015,104.296
25 06 2015,104.17
24 06 2015,104.224
23 06 2015,104.347
22 06 2015,104.553
19 06 2015,104.209
18 06 2015,102.991
17 06 2015,104.162
16 06 2015,104.811
15 06 2015,104.842
12 06 2015,104.589
11 06 2015,104.215
10 06 2015,104.846
9 06 2015,104.784
8 06 2015,105.259
5 06 2015,105.259
4 06 2015,105.146
3 06 2015,105.138
2 06 2015,104.794
1 06 2015,104.362
29 05 2015,104.209
28 05 2015,104.103
27 05 2015,104.028
26 05 2015,104.24
25 05 2015,104.28
22 05 2015,102.662
21 05 2015,103.01
20 05 2015,103.166
19 05 2015,103.366
18 05 2015,102.426
15 05 2015,102.842
14 05 2015,103.262
13 05 2015,102.893
12 05 2015,101.789
11 05 2015,102.352
8 05 2015,102.506
7 05 2015,102.935
6 05 2015,102.389
5 05 2015,102.407
4 05 2015,102.314
1 05 2015,102.157
30 04 2015,101.286
29 04 2015,101.669
28 04 2015,101.262
27 04 2015,101.152
24 04 2015,100.027
23 04 2015,100.129
22 04 2015,99.986
21 04 2015,100.166
20 04 2015,100.01
17 04 2015,99.234
16 04 2015,99.629
15 04 2015,99.151
14 04 2015,99.056
13 04 2015,98.087
10 04 2015,98.655
9 04 2015,98.494
8 04 2015,98.6
7 04 2015,98.662
6 04 2015,98.353
3 04 2015,98.506
2 04 2015,98.179
1 04 2015,97.661
31 03 2015,97.397
30 03 2015,97.276
27 03 2015,97.373
26 03 2015,98.129
25 03 2015,98.185
24 03 2015,97.734
23 03 2015,97.905
20 03 2015,98.761
19 03 2015,98.173
18 03 2015,98.559
17 03 2015,98.54
16 03 2015,98.152
13 03 2015,97.334
12 03 2015,96.864
11 03 2015,96.699
10 03 2015,97.462
9 03 2015,97.251
6 03 2015,97.35
5 03 2015,97.985
4 03 2015,98.206
3 03 2015,98.22
2 03 2015,98.976
27 02 2015,98.43
26 02 2015,98.735
25 02 2015,98.829
24 02 2015,99.31
23 02 2015,99.456
20 02 2015,97.931
19 02 2015,99.123
18 02 2015,99.059
17 02 2015,99.358
16 02 2015,99.53
13 02 2015,99.884
12 02 2015,100.368
11 02 2015,99.569
10 02 2015,99.08
9 02 2015,100.101
6 02 2015,99.743
5 02 2015,99.567
4 02 2015,99.332
3 02 2015,98.173
2 02 2015,98.343
30 01 2015,97.631
29 01 2015,97.025
28 01 2015,98.502
27 01 2015,98.716
26 01 2015,98.706
23 01 2015,97.668
22 01 2015,97.264
21 01 2015,97.545
20 01 2015,97.518
19 01 2015,97.351
16 01 2015,98.126
15 01 2015,98.204
14 01 2015,96.898
13 01 2015,96.219
12 01 2015,96.698
9 01 2015,96.324
8 01 2015,97.729
7 01 2015,98.288
6 01 2015,98.957
5 01 2015,99.539
2 01 2015,97.866
1 01 2015,98.027
31 12 2014,97.954
30 12 2014,98.223
29 12 2014,99.289
26 12 2014,100.251
25 12 2014,99.406
24 12 2014,99.657
23 12 2014,100.541
22 12 2014,100.416
19 12 2014,99.569
18 12 2014,99.091
17 12 2014,99.849
16 12 2014,99.168
15 12 2014,98.949
12 12 2014,99.669
11 12 2014,101.143
10 12 2014,100.956
9 12 2014,101.17
8 12 2014,100.024
5 12 2014,99.883
4 12 2014,100.622
3 12 2014,99.641
2 12 2014,99.135
1 12 2014,98.337
28 11 2014,97.739
27 11 2014,97.808
26 11 2014,97.725
25 11 2014,97.894
24 11 2014,97.321
21 11 2014,96.456
20 11 2014,95.318
19 11 2014,94.5
18 11 2014,94.126
17 11 2014,95.366
14 11 2014,96.016
13 11 2014,96.011
12 11 2014,98.757
11 11 2014,97.535
10 11 2014,96.967
7 11 2014,99.04
6 11 2014,100.036
5 11 2014,99.52
4 11 2014,100.472
3 11 2014,100.726
31 10 2014,101.148
30 10 2014,102.368
29 10 2014,100.946
28 10 2014,101.299
27 10 2014,102.01
24 10 2014,103.154
23 10 2014,102.47
22 10 2014,102.263
21 10 2014,103.212
20 10 2014,102.252
17 10 2014,102.25
16 10 2014,102.404
15 10 2014,101.822
14 10 2014,101.602
13 10 2014,100.583
10 10 2014,98.994
9 10 2014,98.988
8 10 2014,99.312
7 10 2014,98.993
6 10 2014,97.927
3 10 2014,97.376
2 10 2014,97.425
1 10 2014,97.737
30 09 2014,98.033
29 09 2014,99.254
26 09 2014,99.511
25 09 2014,99.454
24 09 2014,99.23
23 09 2014,99.514
22 09 2014,98.154
19 09 2014,98.109
18 09 2014,97.516
17 09 2014,96.734
16 09 2014,98.371
15 09 2014,99.656
12 09 2014,99.758
11 09 2014,99.018
10 09 2014,99.356
9 09 2014,97.569
8 09 2014,96.331
5 09 2014,93.035
4 09 2014,93.43
3 09 2014,93.234
2 09 2014,94.195
1 09 2014,94.127
29 08 2014,94.445
28 08 2014,94.436
27 08 2014,94.155
26 08 2014,94.471
25 08 2014,94.899
22 08 2014,95.996
21 08 2014,95.159
20 08 2014,95.2
19 08 2014,95.289
18 08 2014,96.108
15 08 2014,96.102
14 08 2014,96.075
13 08 2014,96.27
12 08 2014,95.984
11 08 2014,94.818
8 08 2014,94.063
7 08 2014,93.28
6 08 2014,93.483
5 08 2014,93.555
4 08 2014,92.552
1 08 2014,92.221
31 07 2014,91.975
30 07 2014,91.805
29 07 2014,93.402
28 07 2014,93.106
25 07 2014,93.554
24 07 2014,93.566
23 07 2014,93.955
22 07 2014,93.488
21 07 2014,92.862
18 07 2014,93.384
17 07 2014,93.465
16 07 2014,94.308
15 07 2014,92.659
14 07 2014,93.628
11 07 2014,93.613
10 07 2014,93.633
9 07 2014,92.373
8 07 2014,92.826
7 07 2014,91.709
4 07 2014,91.089
3 07 2014,90.714
2 07 2014,90.847
1 07 2014,90.858
30 06 2014,90.317
27 06 2014,88.606
26 06 2014,88.703
25 06 2014,89.588
24 06 2014,90.084
23 06 2014,89.863
20 06 2014,88.381
19 06 2014,88.794
18 06 2014,89.472
17 06 2014,89.177
16 06 2014,88.777
13 06 2014,87.876
12 06 2014,87.05
11 06 2014,87.788
10 06 2014,88.147
9 06 2014,87.233
6 06 2014,87.339
5 06 2014,86.701
4 06 2014,86.741
3 06 2014,85.909
2 06 2014,86.096
30 05 2014,85.623
29 05 2014,84.728
28 05 2014,84.938
27 05 2014,84.242
26 05 2014,84.376
23 05 2014,84.405
22 05 2014,84.203
21 05 2014,83.884
20 05 2014,83.492
19 05 2014,83.644
16 05 2014,83.259
15 05 2014,82.513
14 05 2014,82.359
13 05 2014,82.486
12 05 2014,82.393
9 05 2014,82.464
8 05 2014,81.896
7 05 2014,82.236
6 05 2014,82.47
5 05 2014,82.468
2 05 2014,82.109
1 05 2014,82.071
30 04 2014,82.149
29 04 2014,82.073
28 04 2014,82.382
25 04 2014,82.463
24 04 2014,82.517
23 04 2014,81.672
22 04 2014,81.409
21 04 2014,81.299
18 04 2014,81.166
17 04 2014,80.244
16 04 2014,79.376
15 04 2014,79.485
14 04 2014,79.479
11 04 2014,79.465
10 04 2014,79.991
9 04 2014,80.348
8 04 2014,80.282
7 04 2014,80.426
4 04 2014,80.119
3 04 2014,79.76
2 04 2014,79.626
1 04 2014,79.796
31 03 2014,79.622
28 03 2014,80.294
27 03 2014,79.798
26 03 2014,79.846
25 03 2014,79.936
24 03 2014,79.312
21 03 2014,79.267
20 03 2014,78.932
19 03 2014,78.882
18 03 2014,78.64
17 03 2014,78.446
14 03 2014,78.327
13 03 2014,78.178
12 03 2014,78.25
11 03 2014,78.332
10 03 2014,78.648
7 03 2014,78.474
6 03 2014,78.485
5 03 2014,78.148
4 03 2014,77.981
3 03 2014,77.921
28 02 2014,77.596
27 02 2014,77.738
26 02 2014,77.791
25 02 2014,77.843
24 02 2014,78.156
21 02 2014,78.235
20 02 2014,78.373
19 02 2014,78.803
18 02 2014,78.698
17 02 2014,78.38
14 02 2014,77.476
13 02 2014,77.846
12 02 2014,77.765
11 02 2014,78.277
10 02 2014,78.224
7 02 2014,78.854
6 02 2014,78.387
5 02 2014,78.406
4 02 2014,78.251
3 02 2014,78.367
31 01 2014,78.379
30 01 2014,78.61
29 01 2014,78.701
28 01 2014,78.506
27 01 2014,78.739
24 01 2014,78.655
23 01 2014,78.486
22 01 2014,78.575
21 01 2014,79.275
20 01 2014,79.418
17 01 2014,79.545
16 01 2014,79.339
15 01 2014,78.989
14 01 2014,78.728
13 01 2014,78.307
10 01 2014,78.266
9 01 2014,78.559
8 01 2014,78.432
7 01 2014,78.595
6 01 2014,78.241
3 01 2014,78.452
2 01 2014,78.238
1 01 2014,78.427
31 12 2013,78.111
30 12 2013,78.171
27 12 2013,78.469
26 12 2013,78.206
25 12 2013,78.156
24 12 2013,78.171
23 12 2013,78.374
20 12 2013,78.487
19 12 2013,78.582
18 12 2013,78.797
17 12 2013,79.053
16 12 2013,78.861
13 12 2013,79.191
12 12 2013,79.302
11 12 2013,79.756
10 12 2013,79.415
9 12 2013,79.549
6 12 2013,79.668
5 12 2013,79.908
4 12 2013,79.867
3 12 2013,79.783
2 12 2013,79.502
29 11 2013,79.779
28 11 2013,79.782
27 11 2013,79.448
26 11 2013,79.704
25 11 2013,79.5
22 11 2013,79.657
21 11 2013,80.431
20 11 2013,80.27
19 11 2013,79.522
18 11 2013,78.941
15 11 2013,79.096
14 11 2013,78.703
13 11 2013,79.339
12 11 2013,79.476
11 11 2013,79.52
8 11 2013,79.429
7 11 2013,79.449
6 11 2013,79.615
5 11 2013,79.188
4 11 2013,78.751
1 11 2013,78.339
31 10 2013,77.986
30 10 2013,78.311
29 10 2013,79.06
28 10 2013,79.483
25 10 2013,79.459
24 10 2013,79.673
23 10 2013,79.591
22 10 2013,79.471
21 10 2013,79.95
18 10 2013,79.297
17 10 2013,79.002
16 10 2013,79.258
15 10 2013,80.32
14 10 2013,80.169
11 10 2013,79.835
10 10 2013,79.918
9 10 2013,79.922
8 10 2013,79.627
7 10 2013,79.863
4 10 2013,79.91
3 10 2013,79.839
2 10 2013,80.163
1 10 2013,80.132
30 09 2013,80.085
27 09 2013,79.816
26 09 2013,80.251
25 09 2013,80.983
24 09 2013,81.338
23 09 2013,81.304
20 09 2013,81.171
19 09 2013,81.522
18 09 2013,81.596
17 09 2013,81.245
16 09 2013,80.837
13 09 2013,80.397
12 09 2013,80.912
11 09 2013,80.88
10 09 2013,80.85
9 09 2013,80.668
6 09 2013,81.479
5 09 2013,81.639
4 09 2013,82.355
3 09 2013,82.449
2 09 2013,82.799
30 08 2013,82.069
29 08 2013,82.837
28 08 2013,82.865
27 08 2013,82.454
26 08 2013,82.89
23 08 2013,83.167
22 08 2013,82.809
21 08 2013,82.343
20 08 2013,82.525
19 08 2013,83.396
16 08 2013,83.692
15 08 2013,83.341
14 08 2013,83.435
13 08 2013,83.565
12 08 2013,83.722
9 08 2013,82.943
8 08 2013,82.224
7 08 2013,82.47
6 08 2013,81.545
5 08 2013,81.08
2 08 2013,80.888
1 08 2013,81.549
31 07 2013,81.789
30 07 2013,81.112
29 07 2013,81.144
26 07 2013,80.455
25 07 2013,80.604
24 07 2013,81.182
23 07 2013,79.994
22 07 2013,80.289
19 07 2013,79.732
18 07 2013,79.627
17 07 2013,79.538
16 07 2013,78.93
15 07 2013,78.427
12 07 2013,78.432
11 07 2013,77.565
10 07 2013,77.6
9 07 2013,77.659
8 07 2013,77.031
5 07 2013,76.758
4 07 2013,76.545
3 07 2013,76.593
2 07 2013,76.215
1 07 2013,76.193
28 06 2013,76.262
27 06 2013,76.343
26 06 2013,76.645
25 06 2013,76.675
24 06 2013,77.448
21 06 2013,77.777
20 06 2013,77.666
19 06 2013,77.02
18 06 2013,76.945
17 06 2013,76.969
14 06 2013,77.106
13 06 2013,76.824
12 06 2013,76.825
11 06 2013,76.777
10 06 2013,77.059
7 06 2013,76.949
6 06 2013,76.755
5 06 2013,76.853
4 06 2013,76.841
3 06 2013,76.816
31 05 2013,76.871
30 05 2013,76.992
29 05 2013,77.111
28 05 2013,76.709
27 05 2013,76.73
24 05 2013,76.884
23 05 2013,76.92
22 05 2013,76.901
21 05 2013,77.633
20 05 2013,77.931
17 05 2013,77.876
16 05 2013,77.967
15 05 2013,78.07
14 05 2013,78.164
13 05 2013,78.06
10 05 2013,77.884
9 05 2013,78.04
8 05 2013,77.761
7 05 2013,77.85
6 05 2013,78.07
3 05 2013,77.993
2 05 2013,77.907
1 05 2013,77.641
30 04 2013,77.635
29 04 2013,77.675
26 04 2013,77.73
25 04 2013,77.814
24 04 2013,77.965
23 04 2013,77.69
22 04 2013,77.611
19 04 2013,77.921
18 04 2013,77.986
17 04 2013,77.714
16 04 2013,77.108
15 04 2013,77.299
12 04 2013,76.963
11 04 2013,76.88
10 04 2013,76.889
9 04 2013,76.975
8 04 2013,77.05
5 04 2013,77.021
4 04 2013,77.058
3 04 2013,77.189
2 04 2013,77.642
1 04 2013,77.809
29 03 2013,77.722
28 03 2013,78.042
27 03 2013,78.228
26 03 2013,78.049
25 03 2013,78.038
22 03 2013,78.351
21 03 2013,78.161
20 03 2013,75.797
19 03 2013,75.938
18 03 2013,76.17
15 03 2013,76.092
14 03 2013,76.09
13 03 2013,76.25
12 03 2013,76.797
11 03 2013,76.802
8 03 2013,76.811
7 03 2013,76.818
6 03 2013,77.201
5 03 2013,76.884
4 03 2013,77.246
1 03 2013,76.64
28 02 2013,76.669
27 02 2013,76.714
26 02 2013,76.709
25 02 2013,76.786
22 02 2013,76.8
21 02 2013,76.617
20 02 2013,77.047
19 02 2013,77.034
18 02 2013,76.828
15 02 2013,76.597
14 02 2013,76.807
13 02 2013,76.349
12 02 2013,76.571
11 02 2013,76.23
8 02 2013,76.446
7 02 2013,76.44
6 02 2013,76.577
5 02 2013,76.769
4 02 2013,76.69
1 02 2013,76.615
31 01 2013,76.94
30 01 2013,77.195
29 01 2013,77.572
28 01 2013,77.497
25 01 2013,77.25
24 01 2013,77.643
23 01 2013,76.871
22 01 2013,76.787
21 01 2013,76.917
18 01 2013,76.658
17 01 2013,76.731
16 01 2013,76.824
15 01 2013,76.652
14 01 2013,77.458
11 01 2013,76.965
10 01 2013,76.637
9 01 2013,76.778
8 01 2013,76.529
7 01 2013,76.569
4 01 2013,76.59
3 01 2013,76.779
2 01 2013,76.832
1 01 2013,76.708
31 12 2012,76.83
28 12 2012,76.846
27 12 2012,76.947
26 12 2012,77.737
25 12 2012,78.419
24 12 2012,78.878
21 12 2012,77.042
20 12 2012,77.128
19 12 2012,77.204
18 12 2012,76.768
17 12 2012,77.657
14 12 2012,77.97
13 12 2012,77.866
12 12 2012,78.274
11 12 2012,78.521
10 12 2012,78.28
7 12 2012,78.76
6 12 2012,79.163
5 12 2012,79.029
4 12 2012,79.117
3 12 2012,79.121
30 11 2012,78.951
29 11 2012,79.231
28 11 2012,80.246
27 11 2012,80.589
26 11 2012,81.223
23 11 2012,80.904
22 11 2012,81.055
21 11 2012,80.776
20 11 2012,80.805
19 11 2012,80.559
16 11 2012,80.757
15 11 2012,81.103
14 11 2012,80.872
13 11 2012,80.389
12 11 2012,80.489
9 11 2012,80.278
8 11 2012,80.192
7 11 2012,80.252
6 11 2012,80.01
5 11 2012,80.63
2 11 2012,80.933
1 11 2012,80.476
31 10 2012,80.225
30 10 2012,80.292
29 10 2012,80.353
26 10 2012,79.884
25 10 2012,80.094
24 10 2012,80.089
23 10 2012,80.238
22 10 2012,80.886
19 10 2012,80.932
18 10 2012,81.508
17 10 2012,80.913
16 10 2012,80.796
15 10 2012,81.268
12 10 2012,81.961
11 10 2012,81.947
10 10 2012,81.996
9 10 2012,81.71
8 10 2012,81.595
5 10 2012,81.673
4 10 2012,81.398
3 10 2012,80.778
2 10 2012,80.744
1 10 2012,80.925
